
-- Steps --
INSERT INTO steps VALUES("Classic Cheeseburger", 1, "Toast the buns");
INSERT INTO steps VALUES("Classic Cheeseburger", 2, "Order it best");
INSERT INTO steps VALUES("Coq au Vin", 1, "Pull the feathers off");
INSERT INTO steps VALUES("Coq au Vin", 2, "Braise the meat in wine");
INSERT INTO steps VALUES("Coq au Vin", 3, "Season");
INSERT INTO steps VALUES("Sweet and Sour Pork", 1, "Do it");
INSERT INTO steps VALUES("Spaghetti Carbonara", 1, "Do it");
INSERT INTO steps VALUES("Tacos", 1, "Do it");
INSERT INTO steps VALUES("Pad Thai", 1, "Do it");
INSERT INTO steps VALUES("Fish and Chips", 1, "Do it");
INSERT INTO steps VALUES("Sushi Rolls", 1, "Do it");
INSERT INTO steps VALUES("Chicken Curry", 1, "Do it");
INSERT INTO steps VALUES("Hummus", 1, "Do it");
INSERT INTO steps VALUES("Gravlax", 1, "Do it");
INSERT INTO steps VALUES("Beef Stroganoff", 1, "Do it");
INSERT INTO steps VALUES("Paella", 1, "Do it");
INSERT INTO steps VALUES("Moussaka", 1, "Do it");
INSERT INTO steps VALUES("Ceviche", 1, "Do it");
INSERT INTO steps VALUES("Asado", 1, "Do it");
INSERT INTO steps VALUES("Tagine", 1, "Do it");
INSERT INTO steps VALUES("Jambalaya", 1, "Do it");
INSERT INTO steps VALUES("Sauerbraten", 1, "Do it");
INSERT INTO steps VALUES("Bibimbap", 1, "Do it");
INSERT INTO steps VALUES("Pho", 1, "Do it");
INSERT INTO steps VALUES("Feijoada", 1, "Do it");
INSERT INTO steps VALUES("Kebabs", 1, "Do it");
INSERT INTO steps VALUES("Grilled Barramundi", 1, "Do it");
INSERT INTO steps VALUES("Grilled Vegetables", 1, "Do it");
INSERT INTO steps VALUES("Jerk Chicken", 1, "Do it");
INSERT INTO steps VALUES("Irish Stew", 1, "Do it");
INSERT INTO steps VALUES("Swedish Meatballs", 1, "Do it");
INSERT INTO steps VALUES("Bacalhau à Brás", 1, "Do it");
INSERT INTO steps VALUES("Jollof Rice", 1, "Do it");
INSERT INTO steps VALUES("Shakshuka", 1, "Do it");
INSERT INTO steps VALUES("Adobo", 1, "Do it");
INSERT INTO steps VALUES("Nasi Goreng", 1, "Do it");
INSERT INTO steps VALUES("Laksa", 1, "Do it");
INSERT INTO steps VALUES("Fondue", 1, "Do it");
INSERT INTO steps VALUES("Tom Yum Soup", 1, "Do it");
INSERT INTO steps VALUES("Tabbouleh", 1, "Do it");
INSERT INTO steps VALUES("Pierogi", 1, "Do it");
INSERT INTO steps VALUES("Doro Wat", 1, "Do it");
INSERT INTO steps VALUES("Ropa Vieja", 1, "Do it");
INSERT INTO steps VALUES("Karjalanpaisti", 1, "Do it");
INSERT INTO steps VALUES("Ackee and Saltfish", 1, "Do it");
INSERT INTO steps VALUES("Momo", 1, "Do it");
INSERT INTO steps VALUES("Poke Bowl", 1, "Do it");
INSERT INTO steps VALUES("Rabbit Stew", 1, "Do it");
INSERT INTO steps VALUES("Chilli Crab", 1, "Do it");
INSERT INTO steps VALUES("Chilli Crab", 2, "Do it better");
INSERT INTO steps VALUES("Moules-Frites", 1, "Do it");
INSERT INTO steps VALUES("Jollof Rice Nigerian", 1, "Do it");
INSERT INTO steps VALUES("Khachapuri", 1, "Do it");
INSERT INTO steps VALUES("Borscht", 1, "Do it");
INSERT INTO steps VALUES("Chicken Korma", 1, "Do it");
INSERT INTO steps VALUES("Amok", 1, "Do it");
INSERT INTO steps VALUES("Sri Lankan Fish Curry", 1, "Do it");
INSERT INTO steps VALUES("Brik", 1, "Do it");

-- Belongs to Mealtype --
INSERT INTO belongs_to_mealtype VALUES("Classic Cheeseburger", "Lunch");
INSERT INTO belongs_to_mealtype VALUES("Coq au Vin", "Main Course");
INSERT INTO belongs_to_mealtype VALUES("Sweet and Sour Pork", "Dinner");
INSERT INTO belongs_to_mealtype VALUES("Spaghetti Carbonara", "Main Course");
INSERT INTO belongs_to_mealtype VALUES("Tacos", "Dinner");
INSERT INTO belongs_to_mealtype VALUES("Pad Thai", "Main Course");
INSERT INTO belongs_to_mealtype VALUES("Fish and Chips", "Main Course");
INSERT INTO belongs_to_mealtype VALUES("Sushi Rolls", "Appetizer");
INSERT INTO belongs_to_mealtype VALUES("Chicken Curry", "Main Course");
INSERT INTO belongs_to_mealtype VALUES("Hummus", "Appetizer");
INSERT INTO belongs_to_mealtype VALUES("Gravlax", "Appetizer");
INSERT INTO belongs_to_mealtype VALUES("Beef Stroganoff", "Main Course");
INSERT INTO belongs_to_mealtype VALUES("Paella", "Main Course");
INSERT INTO belongs_to_mealtype VALUES("Moussaka", "Main Course");
INSERT INTO belongs_to_mealtype VALUES("Ceviche", "Appetizer");
INSERT INTO belongs_to_mealtype VALUES("Asado", "Main Course");
INSERT INTO belongs_to_mealtype VALUES("Tagine", "Main Course");
INSERT INTO belongs_to_mealtype VALUES("Jambalaya", "Main Course");
INSERT INTO belongs_to_mealtype VALUES("Sauerbraten", "Main Course");
INSERT INTO belongs_to_mealtype VALUES("Bibimbap", "Main Course");
INSERT INTO belongs_to_mealtype VALUES("Pho", "Main Course");
INSERT INTO belongs_to_mealtype VALUES("Feijoada", "Main Course");
INSERT INTO belongs_to_mealtype VALUES("Kebabs", "Main Course");
INSERT INTO belongs_to_mealtype VALUES("Grilled Barramundi", "Main Course");
INSERT INTO belongs_to_mealtype VALUES("Grilled Vegetables", "Side Dish");
INSERT INTO belongs_to_mealtype VALUES("Jerk Chicken", "Main Course");
INSERT INTO belongs_to_mealtype VALUES("Irish Stew", "Main Course");
INSERT INTO belongs_to_mealtype VALUES("Swedish Meatballs", "Main Course");
INSERT INTO belongs_to_mealtype VALUES("Bacalhau à Brás", "Main Course");
INSERT INTO belongs_to_mealtype VALUES("Jollof Rice", "Main Course");
INSERT INTO belongs_to_mealtype VALUES("Shakshuka", "Breakfast");
INSERT INTO belongs_to_mealtype VALUES("Adobo", "Main Course");
INSERT INTO belongs_to_mealtype VALUES("Nasi Goreng", "Main Course");
INSERT INTO belongs_to_mealtype VALUES("Laksa", "Main Course");
INSERT INTO belongs_to_mealtype VALUES("Fondue", "Appetizer");
INSERT INTO belongs_to_mealtype VALUES("Tom Yum Soup", "Appetizer");
INSERT INTO belongs_to_mealtype VALUES("Tabbouleh", "Side Dish");
INSERT INTO belongs_to_mealtype VALUES("Pierogi", "Main Course");
INSERT INTO belongs_to_mealtype VALUES("Doro Wat", "Main Course");
INSERT INTO belongs_to_mealtype VALUES("Ropa Vieja", "Main Course");
INSERT INTO belongs_to_mealtype VALUES("Karjalanpaisti", "Main Course");
INSERT INTO belongs_to_mealtype VALUES("Ackee and Saltfish", "Main Course");
INSERT INTO belongs_to_mealtype VALUES("Momo", "Appetizer");
INSERT INTO belongs_to_mealtype VALUES("Poke Bowl", "Main Course");
INSERT INTO belongs_to_mealtype VALUES("Rabbit Stew", "Main Course");
INSERT INTO belongs_to_mealtype VALUES("Chilli Crab", "Main Course");
INSERT INTO belongs_to_mealtype VALUES("Moules-Frites", "Main Course");
INSERT INTO belongs_to_mealtype VALUES("Jollof Rice Nigerian", "Main Course");
INSERT INTO belongs_to_mealtype VALUES("Khachapuri", "Main Course");
INSERT INTO belongs_to_mealtype VALUES("Borscht", "Main Course");
INSERT INTO belongs_to_mealtype VALUES("Chicken Korma", "Main Course");
INSERT INTO belongs_to_mealtype VALUES("Amok", "Main Course");
INSERT INTO belongs_to_mealtype VALUES("Sri Lankan Fish Curry", "Main Course");
INSERT INTO belongs_to_mealtype VALUES("Brik", "Appetizer");

-- Belongs to Tag -- 
INSERT INTO belongs_to_tag VALUES("Sweet and Sour Pork", "High-Protein");
INSERT INTO belongs_to_tag VALUES("Spaghetti Carbonara", "Easy");
INSERT INTO belongs_to_tag VALUES("Spaghetti Carbonara", "Kid-Friendly");
INSERT INTO belongs_to_tag VALUES("Tacos", "Kid-Friendly");
INSERT INTO belongs_to_tag VALUES("Tacos", "High-Protein");
INSERT INTO belongs_to_tag VALUES("Pad Thai", "Quick");
INSERT INTO belongs_to_tag VALUES("Fish and Chips", "Kid-Friendly");
INSERT INTO belongs_to_tag VALUES("Sushi Rolls", "Gluten-Free");
INSERT INTO belongs_to_tag VALUES("Chicken Curry", "Easy");
INSERT INTO belongs_to_tag VALUES("Chicken Curry", "Quick");
INSERT INTO belongs_to_tag VALUES("Chicken Curry", "Healthy");
INSERT INTO belongs_to_tag VALUES("Hummus", "Vegetarian");
INSERT INTO belongs_to_tag VALUES("Gravlax", "Healthy");
INSERT INTO belongs_to_tag VALUES("Beef Stroganoff", "Easy");
INSERT INTO belongs_to_tag VALUES("Paella", "One-Pot");
INSERT INTO belongs_to_tag VALUES("Paella", "Gluten-Free");
INSERT INTO belongs_to_tag VALUES("Moussaka", "Vegetarian");
INSERT INTO belongs_to_tag VALUES("Ceviche", "Healthy");
INSERT INTO belongs_to_tag VALUES("Asado", "High-Protein");
INSERT INTO belongs_to_tag VALUES("Tagine", "Easy");
INSERT INTO belongs_to_tag VALUES("Jambalaya", "One-Pot");
INSERT INTO belongs_to_tag VALUES("Sauerbraten", "Low-Calorie");
INSERT INTO belongs_to_tag VALUES("Bibimbap", "Quick");
INSERT INTO belongs_to_tag VALUES("Pho", "Healthy");
INSERT INTO belongs_to_tag VALUES("Feijoada", "High-Protein");
INSERT INTO belongs_to_tag VALUES("Kebabs", "Quick");
INSERT INTO belongs_to_tag VALUES("Grilled Barramundi", "Healthy");
INSERT INTO belongs_to_tag VALUES("Grilled Vegetables", "Vegetarian");
INSERT INTO belongs_to_tag VALUES("Jerk Chicken", "Kid-Friendly");
INSERT INTO belongs_to_tag VALUES("Irish Stew", "One-Pot");
INSERT INTO belongs_to_tag VALUES("Swedish Meatballs", "Easy");
INSERT INTO belongs_to_tag VALUES("Bacalhau à Brás", "Gluten-Free");
INSERT INTO belongs_to_tag VALUES("Jollof Rice", "Kid-Friendly");
INSERT INTO belongs_to_tag VALUES("Shakshuka", "Vegetarian");
INSERT INTO belongs_to_tag VALUES("Adobo", "High-Protein");
INSERT INTO belongs_to_tag VALUES("Nasi Goreng", "Quick");
INSERT INTO belongs_to_tag VALUES("Laksa", "Kid-Friendly");
INSERT INTO belongs_to_tag VALUES("Fondue", "Easy");
INSERT INTO belongs_to_tag VALUES("Tom Yum Soup", "Low-Calorie");
INSERT INTO belongs_to_tag VALUES("Tabbouleh", "Healthy");
INSERT INTO belongs_to_tag VALUES("Pierogi", "Vegetarian");
INSERT INTO belongs_to_tag VALUES("Doro Wat", "High-Protein");
INSERT INTO belongs_to_tag VALUES("Ropa Vieja", "One-Pot");
INSERT INTO belongs_to_tag VALUES("Karjalanpaisti", "Gluten-Free");
INSERT INTO belongs_to_tag VALUES("Ackee and Saltfish", "Low-Calorie");
INSERT INTO belongs_to_tag VALUES("Momo", "Kid-Friendly");
INSERT INTO belongs_to_tag VALUES("Poke Bowl", "Healthy");
INSERT INTO belongs_to_tag VALUES("Rabbit Stew", "One-Pot");
INSERT INTO belongs_to_tag VALUES("Chilli Crab", "Quick");
INSERT INTO belongs_to_tag VALUES("Chilli Crab", "Kid-Friendly");
INSERT INTO belongs_to_tag VALUES("Chilli Crab", "Easy");
INSERT INTO belongs_to_tag VALUES("Moules-Frites", "Easy");
INSERT INTO belongs_to_tag VALUES("Jollof Rice Nigerian", "High-Protein");
INSERT INTO belongs_to_tag VALUES("Khachapuri", "Kid-Friendly");
INSERT INTO belongs_to_tag VALUES("Borscht", "Vegetarian");
INSERT INTO belongs_to_tag VALUES("Chicken Korma", "Gluten-Free");
INSERT INTO belongs_to_tag VALUES("Amok", "Quick");
INSERT INTO belongs_to_tag VALUES("Sri Lankan Fish Curry", "High-Protein");
INSERT INTO belongs_to_tag VALUES("Brik", "Vegetarian");

-- Belongs to theme --
INSERT INTO belongs_to_theme VALUES("Sweet and Sour Pork", "Comfort Food");
INSERT INTO belongs_to_theme VALUES("Spaghetti Carbonara", "Quick & Easy");
INSERT INTO belongs_to_theme VALUES("Tacos", "Family-friendly");
INSERT INTO belongs_to_theme VALUES("Pad Thai", "Quick & Easy");
INSERT INTO belongs_to_theme VALUES("Fish and Chips", "Family-friendly");
INSERT INTO belongs_to_theme VALUES("Sushi Rolls", "Gluten-Free");
INSERT INTO belongs_to_theme VALUES("Chicken Curry", "Comfort Food");
INSERT INTO belongs_to_theme VALUES("Hummus", "Healthy");
INSERT INTO belongs_to_theme VALUES("Gravlax", "Romantic");
INSERT INTO belongs_to_theme VALUES("Beef Stroganoff", "Comfort Food");
INSERT INTO belongs_to_theme VALUES("Paella", "Family-friendly");
INSERT INTO belongs_to_theme VALUES("Moussaka", "Vegetarian");
INSERT INTO belongs_to_theme VALUES("Ceviche", "Healthy");
INSERT INTO belongs_to_theme VALUES("Asado", "Family-friendly");
INSERT INTO belongs_to_theme VALUES("Tagine", "Romantic");
INSERT INTO belongs_to_theme VALUES("Jambalaya", "Family-friendly");
INSERT INTO belongs_to_theme VALUES("Sauerbraten", "Comfort Food");
INSERT INTO belongs_to_theme VALUES("Bibimbap", "Quick & Easy");
INSERT INTO belongs_to_theme VALUES("Pho", "Healthy");
INSERT INTO belongs_to_theme VALUES("Feijoada", "Comfort Food");
INSERT INTO belongs_to_theme VALUES("Kebabs", "Quick & Easy");
INSERT INTO belongs_to_theme VALUES("Grilled Barramundi", "Healthy");
INSERT INTO belongs_to_theme VALUES("Grilled Vegetables", "Vegetarian");
INSERT INTO belongs_to_theme VALUES("Jerk Chicken", "Family-friendly");
INSERT INTO belongs_to_theme VALUES("Irish Stew", "Comfort Food");
INSERT INTO belongs_to_theme VALUES("Swedish Meatballs", "Quick & Easy");
INSERT INTO belongs_to_theme VALUES("Bacalhau à Brás", "Gluten-Free");
INSERT INTO belongs_to_theme VALUES("Jollof Rice", "Family-friendly");
INSERT INTO belongs_to_theme VALUES("Shakshuka", "Vegetarian");
INSERT INTO belongs_to_theme VALUES("Adobo", "Comfort Food");
INSERT INTO belongs_to_theme VALUES("Nasi Goreng", "Quick & Easy");
INSERT INTO belongs_to_theme VALUES("Laksa", "Family-friendly");
INSERT INTO belongs_to_theme VALUES("Fondue", "Romantic");
INSERT INTO belongs_to_theme VALUES("Tom Yum Soup", "Healthy");
INSERT INTO belongs_to_theme VALUES("Tabbouleh", "Vegetarian");
INSERT INTO belongs_to_theme VALUES("Pierogi", "Comfort Food");
INSERT INTO belongs_to_theme VALUES("Doro Wat", "Family-friendly");
INSERT INTO belongs_to_theme VALUES("Ropa Vieja", "Comfort Food");
INSERT INTO belongs_to_theme VALUES("Karjalanpaisti", "Gluten-Free");
INSERT INTO belongs_to_theme VALUES("Ackee and Saltfish", "Healthy");
INSERT INTO belongs_to_theme VALUES("Momo", "Family-friendly");
INSERT INTO belongs_to_theme VALUES("Poke Bowl", "Healthy");
INSERT INTO belongs_to_theme VALUES("Rabbit Stew", "Comfort Food");
INSERT INTO belongs_to_theme VALUES("Chilli Crab", "Quick & Easy");
INSERT INTO belongs_to_theme VALUES("Moules-Frites", "Family-friendly");
INSERT INTO belongs_to_theme VALUES("Jollof Rice Nigerian", "Comfort Food");
INSERT INTO belongs_to_theme VALUES("Khachapuri", "Family-friendly");
INSERT INTO belongs_to_theme VALUES("Borscht", "Vegetarian");
INSERT INTO belongs_to_theme VALUES("Chicken Korma", "Gluten-Free");
INSERT INTO belongs_to_theme VALUES("Amok", "Quick & Easy");
INSERT INTO belongs_to_theme VALUES("Sri Lankan Fish Curry", "Healthy");
INSERT INTO belongs_to_theme VALUES("Sri Lankan Fish Curry", "Romantic");
INSERT INTO belongs_to_theme VALUES("Brik", "Vegetarian");
INSERT INTO belongs_to_theme VALUES("Brik", "Healthy");
INSERT INTO belongs_to_theme VALUES("Brik", "Family-friendly");

-- Needs Equipment -- 
INSERT INTO needs_equipment VALUES("Sweet and Sour Pork", "Knife", 1);
INSERT INTO needs_equipment VALUES("Spaghetti Carbonara", "Saucepan", 1);
INSERT INTO needs_equipment VALUES("Tacos", "Frying Pan", 1);
INSERT INTO needs_equipment VALUES("Pad Thai", "Saucepan", 1);
INSERT INTO needs_equipment VALUES("Fish and Chips", "Frying Pan", 1);
INSERT INTO needs_equipment VALUES("Sushi Rolls", "Knife", 1);
INSERT INTO needs_equipment VALUES("Chicken Curry", "Saucepan", 1);
INSERT INTO needs_equipment VALUES("Hummus", "Food Processor", 1);
INSERT INTO needs_equipment VALUES("Gravlax", "Knife", 1);
INSERT INTO needs_equipment VALUES("Beef Stroganoff", "Saucepan", 1);
INSERT INTO needs_equipment VALUES("Paella", "Frying Pan", 1);
INSERT INTO needs_equipment VALUES("Moussaka", "Whisk", 1);
INSERT INTO needs_equipment VALUES("Ceviche", "Mixing Bowl", 1);
INSERT INTO needs_equipment VALUES("Asado", "Grill", 1);
INSERT INTO needs_equipment VALUES("Tagine", "Ladle", 1);
INSERT INTO needs_equipment VALUES("Jambalaya", "Oven", 1);
INSERT INTO needs_equipment VALUES("Sauerbraten", "Frying Pan", 1);
INSERT INTO needs_equipment VALUES("Bibimbap", "Grill", 1);
INSERT INTO needs_equipment VALUES("Pho", "Ladle", 1);
INSERT INTO needs_equipment VALUES("Feijoada", "Oven", 1);
INSERT INTO needs_equipment VALUES("Kebabs", "Grill", 1);
INSERT INTO needs_equipment VALUES("Grilled Barramundi", "Grill", 1);
INSERT INTO needs_equipment VALUES("Grilled Vegetables", "Grill", 1);
INSERT INTO needs_equipment VALUES("Jerk Chicken", "Grill", 1);
INSERT INTO needs_equipment VALUES("Irish Stew", "Oven", 1);
INSERT INTO needs_equipment VALUES("Swedish Meatballs", "Ladle", 1);
INSERT INTO needs_equipment VALUES("Bacalhau à Brás", "Oven", 1);
INSERT INTO needs_equipment VALUES("Jollof Rice", "Saucepan", 1);
INSERT INTO needs_equipment VALUES("Shakshuka", "Grill", 1);
INSERT INTO needs_equipment VALUES("Adobo", "Saucepan", 1);
INSERT INTO needs_equipment VALUES("Nasi Goreng", "Grill", 1);
INSERT INTO needs_equipment VALUES("Laksa", "Saucepan", 1);
INSERT INTO needs_equipment VALUES("Fondue", "Ladle", 1);
INSERT INTO needs_equipment VALUES("Tom Yum Soup", "Oven", 1);
INSERT INTO needs_equipment VALUES("Tabbouleh", "Mixing Bowl", 1);
INSERT INTO needs_equipment VALUES("Pierogi", "Mixing Bowl", 1);
INSERT INTO needs_equipment VALUES("Doro Wat", "Oven", 1);
INSERT INTO needs_equipment VALUES("Ropa Vieja", "Oven", 1);
INSERT INTO needs_equipment VALUES("Karjalanpaisti", "Oven", 1);
INSERT INTO needs_equipment VALUES("Ackee and Saltfish", "Grill", 1);
INSERT INTO needs_equipment VALUES("Momo", "Grill", 1);
INSERT INTO needs_equipment VALUES("Poke Bowl", "Mixing Bowl", 1);
INSERT INTO needs_equipment VALUES("Rabbit Stew", "Oven", 1);
INSERT INTO needs_equipment VALUES("Chilli Crab", "Ladle", 1);
INSERT INTO needs_equipment VALUES("Moules-Frites", "Mixing Bowl", 1);
INSERT INTO needs_equipment VALUES("Jollof Rice Nigerian", "Ladle", 1);
INSERT INTO needs_equipment VALUES("Khachapuri", "Oven", 1);
INSERT INTO needs_equipment VALUES("Borscht", "Peeler", 1);
INSERT INTO needs_equipment VALUES("Chicken Korma", "Saucepan", 1);
INSERT INTO needs_equipment VALUES("Amok", "Baking Sheet", 1);
INSERT INTO needs_equipment VALUES("Sri Lankan Fish Curry", "Saucepan", 1);
INSERT INTO needs_equipment VALUES("Sri Lankan Fish Curry", "Grill", 1);
INSERT INTO needs_equipment VALUES("Brik", "Grill", 1);
INSERT INTO needs_equipment VALUES("Brik", "Oven", 1);
INSERT INTO needs_equipment VALUES("Brik", "Saucepan", 1);

